{
  "canvas": {
    "version": "2.2.11",
    "width": 2000,
    "height": 2000,
    "scrollTop": 0,
    "scrollLeft": 0,
    "zoomLevel": 1,
    "show": {
      "tableComment": true,
      "columnComment": true,
      "columnDataType": true,
      "columnDefault": true,
      "columnAutoIncrement": false,
      "columnPrimaryKey": true,
      "columnUnique": false,
      "columnNotNull": true,
      "relationship": true
    },
    "database": "MySQL",
    "databaseName": "dojos_and_ninjas_schema",
    "canvasType": "@vuerd/builtin-sql-ddl",
    "language": "GraphQL",
    "tableCase": "pascalCase",
    "columnCase": "camelCase",
    "highlightTheme": "VS2015",
    "bracketType": "none",
    "setting": {
      "relationshipDataTypeSync": true,
      "relationshipOptimization": false,
      "columnOrder": [
        "columnName",
        "columnDataType",
        "columnNotNull",
        "columnUnique",
        "columnAutoIncrement",
        "columnDefault",
        "columnComment"
      ]
    },
    "pluginSerializationMap": {}
  },
  "table": {
    "tables": [
      {
        "name": "dojos",
        "comment": "",
        "columns": [
          {
            "name": "id",
            "comment": "",
            "dataType": "INT",
            "default": "",
            "option": {
              "autoIncrement": true,
              "primaryKey": true,
              "unique": false,
              "notNull": true
            },
            "ui": {
              "active": false,
              "pk": true,
              "fk": false,
              "pfk": false,
              "widthName": 60,
              "widthComment": 60,
              "widthDataType": 60,
              "widthDefault": 60
            },
            "id": "c01a846c-08c2-4ce8-a557-fae03892b340"
          },
          {
            "name": "created_at",
            "comment": "",
            "dataType": "timestamp",
            "default": "CURRENT_TIMESTAMP",
            "option": {
              "autoIncrement": false,
              "primaryKey": false,
              "unique": false,
              "notNull": true
            },
            "ui": {
              "active": false,
              "pk": false,
              "fk": false,
              "pfk": false,
              "widthName": 67.0634765625,
              "widthComment": 60,
              "widthDataType": 61.9599609375,
              "widthDefault": 147.65966796875
            },
            "id": "bde4c5af-8b92-41b5-9418-2c03b5accd7e"
          },
          {
            "name": "updated_at",
            "comment": "",
            "dataType": "timestamp",
            "default": "CURRENT_TIMESTAMP ON UPDATE CURRENT_TIMESTAMP",
            "option": {
              "autoIncrement": false,
              "primaryKey": false,
              "unique": false,
              "notNull": true
            },
            "ui": {
              "active": false,
              "pk": false,
              "fk": false,
              "pfk": false,
              "widthName": 60,
              "widthComment": 60,
              "widthDataType": 60,
              "widthDefault": 375.42626953125
            },
            "id": "7becdd2f-80af-4d52-896d-e8987e98ece7"
          },
          {
            "name": "name",
            "comment": "",
            "dataType": "VARCHAR(225)",
            "default": "",
            "option": {
              "autoIncrement": false,
              "primaryKey": false,
              "unique": false,
              "notNull": true
            },
            "ui": {
              "active": false,
              "pk": false,
              "fk": false,
              "pfk": false,
              "widthName": 60,
              "widthComment": 60,
              "widthDataType": 94.955078125,
              "widthDefault": 60
            },
            "id": "75453a9d-6b2d-4ca3-9eda-a080e251303c"
          }
        ],
        "ui": {
          "active": false,
          "left": 21,
          "top": 18,
          "zIndex": 92,
          "widthName": 60,
          "widthComment": 60
        },
        "visible": true,
        "id": "dba2ce6a-bc80-4426-9039-5fb169711ef7"
      },
      {
        "name": "ninjas",
        "comment": "",
        "columns": [
          {
            "name": "id",
            "comment": "",
            "dataType": "INT",
            "default": "",
            "option": {
              "autoIncrement": true,
              "primaryKey": true,
              "unique": false,
              "notNull": true
            },
            "ui": {
              "active": false,
              "pk": true,
              "fk": false,
              "pfk": false,
              "widthName": 60,
              "widthComment": 60,
              "widthDataType": 60,
              "widthDefault": 60
            },
            "id": "c77a93b0-6197-4974-a587-fdd89f0726fc"
          },
          {
            "name": "created_at",
            "comment": "",
            "dataType": "timestamp",
            "default": "CURRENT_TIMESTAMP",
            "option": {
              "autoIncrement": false,
              "primaryKey": false,
              "unique": false,
              "notNull": true
            },
            "ui": {
              "active": false,
              "pk": false,
              "fk": false,
              "pfk": false,
              "widthName": 67.0634765625,
              "widthComment": 60,
              "widthDataType": 61.9599609375,
              "widthDefault": 147.65966796875
            },
            "id": "93ad5241-0bf4-4657-b94c-533b12d2b596"
          },
          {
            "name": "updated_at",
            "comment": "",
            "dataType": "timestamp",
            "default": "CURRENT_TIMESTAMP ON UPDATE CURRENT_TIMESTAMP",
            "option": {
              "autoIncrement": false,
              "primaryKey": false,
              "unique": false,
              "notNull": true
            },
            "ui": {
              "active": false,
              "pk": false,
              "fk": false,
              "pfk": false,
              "widthName": 60,
              "widthComment": 60,
              "widthDataType": 60,
              "widthDefault": 375.42626953125
            },
            "id": "31ac640c-8700-4c99-a085-5cf93c3f9d1a"
          },
          {
            "name": "first_name",
            "comment": "",
            "dataType": "VARCHAR(225)",
            "default": "",
            "option": {
              "autoIncrement": false,
              "primaryKey": false,
              "unique": false,
              "notNull": true
            },
            "ui": {
              "active": false,
              "pk": false,
              "fk": false,
              "pfk": false,
              "widthName": 62.68994140625,
              "widthComment": 60,
              "widthDataType": 94.955078125,
              "widthDefault": 60
            },
            "id": "72889075-2db0-4eb8-a2bd-c30216c6f7c9"
          },
          {
            "name": "last_name",
            "comment": "",
            "dataType": "VARCHAR(225)",
            "default": "",
            "option": {
              "autoIncrement": false,
              "primaryKey": false,
              "unique": false,
              "notNull": true
            },
            "ui": {
              "active": false,
              "pk": false,
              "fk": false,
              "pfk": false,
              "widthName": 61.97900390625,
              "widthComment": 60,
              "widthDataType": 94.955078125,
              "widthDefault": 60
            },
            "id": "c7267d14-7872-4e31-b465-5a7914666cc7"
          },
          {
            "name": "age",
            "comment": "",
            "dataType": "INT",
            "default": "",
            "option": {
              "autoIncrement": false,
              "primaryKey": false,
              "unique": false,
              "notNull": true
            },
            "ui": {
              "active": false,
              "pk": false,
              "fk": false,
              "pfk": false,
              "widthName": 60,
              "widthComment": 60,
              "widthDataType": 60,
              "widthDefault": 60
            },
            "id": "cdca56d2-c24a-4db9-82ed-1528e893b804"
          }
        ],
        "ui": {
          "active": false,
          "left": 7,
          "top": 539,
          "zIndex": 96,
          "widthName": 60,
          "widthComment": 60
        },
        "visible": true,
        "id": "de608d68-d845-440d-be62-137d09f81a40"
      },
      {
        "name": "dojos_ninjas",
        "comment": "",
        "columns": [
          {
            "name": "id",
            "comment": "",
            "dataType": "INT",
            "default": "",
            "option": {
              "autoIncrement": true,
              "primaryKey": true,
              "unique": false,
              "notNull": true
            },
            "ui": {
              "active": false,
              "pk": true,
              "fk": false,
              "pfk": false,
              "widthName": 60,
              "widthComment": 60,
              "widthDataType": 60,
              "widthDefault": 60
            },
            "id": "aa331f05-8b60-4975-82e0-e10e8183dda3"
          },
          {
            "name": "created_at",
            "comment": "",
            "dataType": "timestamp",
            "default": "CURRENT_TIMESTAMP",
            "option": {
              "autoIncrement": false,
              "primaryKey": false,
              "unique": false,
              "notNull": true
            },
            "ui": {
              "active": false,
              "pk": false,
              "fk": false,
              "pfk": false,
              "widthName": 67.0634765625,
              "widthComment": 60,
              "widthDataType": 61.9599609375,
              "widthDefault": 147.65966796875
            },
            "id": "08e32c51-c44e-411b-81c9-63d29dc6df2c"
          },
          {
            "name": "updated_at",
            "comment": "",
            "dataType": "timestamp",
            "default": "CURRENT_TIMESTAMP ON UPDATE CURRENT_TIMESTAMP",
            "option": {
              "autoIncrement": false,
              "primaryKey": false,
              "unique": false,
              "notNull": true
            },
            "ui": {
              "active": false,
              "pk": false,
              "fk": false,
              "pfk": false,
              "widthName": 60,
              "widthComment": 60,
              "widthDataType": 60,
              "widthDefault": 375.42626953125
            },
            "id": "a4b35242-0c3d-46dd-88ef-e0edd5b4720a"
          },
          {
            "name": "dojo_id",
            "comment": "",
            "dataType": "INT",
            "default": "",
            "option": {
              "autoIncrement": false,
              "primaryKey": false,
              "unique": false,
              "notNull": true
            },
            "ui": {
              "active": false,
              "pk": false,
              "fk": true,
              "pfk": false,
              "widthName": 60,
              "widthComment": 60,
              "widthDataType": 60,
              "widthDefault": 60
            },
            "id": "26aaf337-0aa4-43db-8624-9fc7f77e3468"
          },
          {
            "name": "ninja_id",
            "comment": "",
            "dataType": "INT",
            "default": "",
            "option": {
              "autoIncrement": false,
              "primaryKey": false,
              "unique": false,
              "notNull": true
            },
            "ui": {
              "active": false,
              "pk": false,
              "fk": true,
              "pfk": false,
              "widthName": 60,
              "widthComment": 60,
              "widthDataType": 60,
              "widthDefault": 60
            },
            "id": "3b5908be-a31d-428f-897e-fea360936207"
          }
        ],
        "ui": {
          "active": false,
          "left": 72,
          "top": 275,
          "zIndex": 125,
          "widthName": 74.2744140625,
          "widthComment": 60
        },
        "visible": true,
        "id": "ce9bfd73-dd6d-45e3-bb85-fff04a6bb9c2"
      }
    ],
    "indexes": []
  },
  "memo": {
    "memos": []
  },
  "relationship": {
    "relationships": [
      {
        "identification": false,
        "relationshipType": "OneN",
        "startRelationshipType": "Dash",
        "start": {
          "tableId": "dba2ce6a-bc80-4426-9039-5fb169711ef7",
          "columnIds": [
            "c01a846c-08c2-4ce8-a557-fae03892b340"
          ],
          "x": 373.222412109375,
          "y": 169,
          "direction": "bottom"
        },
        "end": {
          "tableId": "ce9bfd73-dd6d-45e3-bb85-fff04a6bb9c2",
          "columnIds": [
            "26aaf337-0aa4-43db-8624-9fc7f77e3468"
          ],
          "x": 407.724853515625,
          "y": 275,
          "direction": "top"
        },
        "constraintName": "fk_dojos_to_dojos_ninjas",
        "visible": true,
        "id": "70d311dd-84f9-468b-b917-f535881b3d0b"
      },
      {
        "identification": false,
        "relationshipType": "OneN",
        "startRelationshipType": "Dash",
        "start": {
          "tableId": "de608d68-d845-440d-be62-137d09f81a40",
          "columnIds": [
            "c77a93b0-6197-4974-a587-fdd89f0726fc"
          ],
          "x": 359.222412109375,
          "y": 539,
          "direction": "top"
        },
        "end": {
          "tableId": "ce9bfd73-dd6d-45e3-bb85-fff04a6bb9c2",
          "columnIds": [
            "3b5908be-a31d-428f-897e-fea360936207"
          ],
          "x": 407.724853515625,
          "y": 446.5,
          "direction": "bottom"
        },
        "constraintName": "fk_ninjas_to_dojos_ninjas",
        "visible": true,
        "id": "12d82e31-3be2-469f-a943-b41ae305a3df"
      }
    ]
  }
}