{
  "canvas": {
    "version": "2.2.11",
    "width": 2000,
    "height": 2000,
    "scrollTop": 0,
    "scrollLeft": 0,
    "zoomLevel": 1,
    "show": {
      "tableComment": true,
      "columnComment": true,
      "columnDataType": true,
      "columnDefault": true,
      "columnAutoIncrement": false,
      "columnPrimaryKey": true,
      "columnUnique": false,
      "columnNotNull": true,
      "relationship": true
    },
    "database": "MySQL",
    "databaseName": "books_schema",
    "canvasType": "@vuerd/builtin-sql-ddl",
    "language": "GraphQL",
    "tableCase": "pascalCase",
    "columnCase": "camelCase",
    "highlightTheme": "VS2015",
    "bracketType": "none",
    "setting": {
      "relationshipDataTypeSync": true,
      "relationshipOptimization": false,
      "columnOrder": [
        "columnName",
        "columnDataType",
        "columnNotNull",
        "columnUnique",
        "columnAutoIncrement",
        "columnDefault",
        "columnComment"
      ]
    },
    "pluginSerializationMap": {}
  },
  "table": {
    "tables": [
      {
        "name": "users",
        "comment": "",
        "columns": [
          {
            "name": "id",
            "comment": "",
            "dataType": "INT",
            "default": "",
            "option": {
              "autoIncrement": true,
              "primaryKey": true,
              "unique": false,
              "notNull": true
            },
            "ui": {
              "active": false,
              "pk": true,
              "fk": false,
              "pfk": false,
              "widthName": 60,
              "widthComment": 60,
              "widthDataType": 60,
              "widthDefault": 60
            },
            "id": "1a5f4aa0-5e4a-490c-a597-80cb6cb5ed30"
          },
          {
            "name": "created_at",
            "comment": "",
            "dataType": "timestamp",
            "default": "CURRENT_TIMESTAMP",
            "option": {
              "autoIncrement": false,
              "primaryKey": false,
              "unique": false,
              "notNull": true
            },
            "ui": {
              "active": false,
              "pk": false,
              "fk": false,
              "pfk": false,
              "widthName": 67.0634765625,
              "widthComment": 60,
              "widthDataType": 61.9599609375,
              "widthDefault": 147.65966796875
            },
            "id": "85db9b45-b10c-4c8c-a9bf-b003ae761eb8"
          },
          {
            "name": "updated_at",
            "comment": "",
            "dataType": "timestamp",
            "default": "CURRENT_TIMESTAMP ON  UPDATE CURRENT_TIMESTAMP",
            "option": {
              "autoIncrement": false,
              "primaryKey": false,
              "unique": false,
              "notNull": true
            },
            "ui": {
              "active": false,
              "pk": false,
              "fk": false,
              "pfk": false,
              "widthName": 60,
              "widthComment": 60,
              "widthDataType": 60,
              "widthDefault": 379.0380859375
            },
            "id": "97c32561-9a80-4a8d-893f-f5ac64573622"
          },
          {
            "name": "name",
            "comment": "",
            "dataType": "VARCHAR(100)",
            "default": "",
            "option": {
              "autoIncrement": false,
              "primaryKey": false,
              "unique": false,
              "notNull": true
            },
            "ui": {
              "active": false,
              "pk": false,
              "fk": false,
              "pfk": false,
              "widthName": 60,
              "widthComment": 60,
              "widthDataType": 94.955078125,
              "widthDefault": 60
            },
            "id": "f71568bd-cb71-4af1-8840-e8419f3f4d52"
          }
        ],
        "ui": {
          "active": false,
          "left": 8,
          "top": 10,
          "zIndex": 132,
          "widthName": 60,
          "widthComment": 60
        },
        "visible": true,
        "id": "11799076-5b21-474c-aae3-53e8d411d8ba"
      },
      {
        "name": "books",
        "comment": "",
        "columns": [
          {
            "name": "id",
            "comment": "",
            "dataType": "INT",
            "default": "",
            "option": {
              "autoIncrement": true,
              "primaryKey": true,
              "unique": false,
              "notNull": true
            },
            "ui": {
              "active": false,
              "pk": true,
              "fk": false,
              "pfk": false,
              "widthName": 60,
              "widthComment": 60,
              "widthDataType": 60,
              "widthDefault": 60
            },
            "id": "e3c86c25-1c6c-4d4f-bc0e-0fafdced2172"
          },
          {
            "name": "created_at",
            "comment": "",
            "dataType": "timestamp",
            "default": "CURRENT_TIMESTAMP",
            "option": {
              "autoIncrement": false,
              "primaryKey": false,
              "unique": false,
              "notNull": true
            },
            "ui": {
              "active": false,
              "pk": false,
              "fk": false,
              "pfk": false,
              "widthName": 67.0634765625,
              "widthComment": 60,
              "widthDataType": 61.9599609375,
              "widthDefault": 147.65966796875
            },
            "id": "f7e45132-a67d-4a40-99bd-109d7b7fe2e5"
          },
          {
            "name": "updated_at",
            "comment": "",
            "dataType": "timestamp",
            "default": "CURRENT_TIMESTAMP ON UPDATE CURRENT_TIMESTAMP",
            "option": {
              "autoIncrement": false,
              "primaryKey": false,
              "unique": false,
              "notNull": true
            },
            "ui": {
              "active": false,
              "pk": false,
              "fk": false,
              "pfk": false,
              "widthName": 60,
              "widthComment": 60,
              "widthDataType": 60,
              "widthDefault": 375.42626953125
            },
            "id": "041cd6d9-fee6-4f9a-b24e-aaff5e3fa4fc"
          },
          {
            "name": "title",
            "comment": "",
            "dataType": "VARCHAR(250)",
            "default": "",
            "option": {
              "autoIncrement": false,
              "primaryKey": false,
              "unique": false,
              "notNull": true
            },
            "ui": {
              "active": false,
              "pk": false,
              "fk": false,
              "pfk": false,
              "widthName": 60,
              "widthComment": 60,
              "widthDataType": 94.955078125,
              "widthDefault": 60
            },
            "id": "d9cce4fb-1498-4feb-a99b-5b2196282c3c"
          },
          {
            "name": "num_of_pages",
            "comment": "",
            "dataType": "INT",
            "default": "",
            "option": {
              "autoIncrement": false,
              "primaryKey": false,
              "unique": false,
              "notNull": true
            },
            "ui": {
              "active": false,
              "pk": false,
              "fk": false,
              "pfk": false,
              "widthName": 88.0107421875,
              "widthComment": 60,
              "widthDataType": 60,
              "widthDefault": 60
            },
            "id": "810e896d-c420-4774-86bd-79f7507cc298"
          }
        ],
        "ui": {
          "active": false,
          "left": 7,
          "top": 198,
          "zIndex": 140,
          "widthName": 60,
          "widthComment": 60
        },
        "visible": true,
        "id": "90931c36-32cc-48a1-b97b-c0364cc6849e"
      },
      {
        "name": "favorites",
        "comment": "",
        "columns": [
          {
            "name": "id",
            "comment": "",
            "dataType": "INT",
            "default": "",
            "option": {
              "autoIncrement": true,
              "primaryKey": true,
              "unique": false,
              "notNull": true
            },
            "ui": {
              "active": false,
              "pk": true,
              "fk": false,
              "pfk": false,
              "widthName": 60,
              "widthComment": 60,
              "widthDataType": 60,
              "widthDefault": 60
            },
            "id": "f299501d-2db6-47ac-84f4-cabaaa37baa5"
          },
          {
            "name": "created_at",
            "comment": "",
            "dataType": "timestamp",
            "default": "CURRENT_TIMESTAMP",
            "option": {
              "autoIncrement": false,
              "primaryKey": false,
              "unique": false,
              "notNull": true
            },
            "ui": {
              "active": false,
              "pk": false,
              "fk": false,
              "pfk": false,
              "widthName": 67.0634765625,
              "widthComment": 60,
              "widthDataType": 61.9599609375,
              "widthDefault": 147.65966796875
            },
            "id": "bc856c7b-953c-4710-998a-4e9e377ddd27"
          },
          {
            "name": "updated_at",
            "comment": "",
            "dataType": "timestamp",
            "default": "CURRENT_TIMESTAMP ON UPDATE CURRENT_TIMESTAMP",
            "option": {
              "autoIncrement": false,
              "primaryKey": false,
              "unique": false,
              "notNull": true
            },
            "ui": {
              "active": false,
              "pk": false,
              "fk": false,
              "pfk": false,
              "widthName": 60,
              "widthComment": 60,
              "widthDataType": 60,
              "widthDefault": 375.42626953125
            },
            "id": "1af90810-02ab-4688-b0f6-edaeca9a2d3d"
          },
          {
            "name": "user_id",
            "comment": "",
            "dataType": "INT",
            "default": "",
            "option": {
              "autoIncrement": false,
              "primaryKey": false,
              "unique": false,
              "notNull": true
            },
            "ui": {
              "active": false,
              "pk": false,
              "fk": true,
              "pfk": false,
              "widthName": 60,
              "widthComment": 60,
              "widthDataType": 60,
              "widthDefault": 60
            },
            "id": "e8d66817-f20a-440c-a51a-b8e2d996ecf0"
          },
          {
            "name": "book_id",
            "comment": "",
            "dataType": "INT",
            "default": "",
            "option": {
              "autoIncrement": false,
              "primaryKey": false,
              "unique": false,
              "notNull": true
            },
            "ui": {
              "active": false,
              "pk": false,
              "fk": true,
              "pfk": false,
              "widthName": 60,
              "widthComment": 60,
              "widthDataType": 60,
              "widthDefault": 60
            },
            "id": "f331a699-7687-4b82-9063-eaef360e67e1"
          }
        ],
        "ui": {
          "active": false,
          "left": 880,
          "top": 123,
          "zIndex": 131,
          "widthName": 60,
          "widthComment": 60
        },
        "visible": true,
        "id": "bfb383f1-f098-4fb0-95d5-4b0176dbc3b1"
      }
    ],
    "indexes": []
  },
  "memo": {
    "memos": []
  },
  "relationship": {
    "relationships": [
      {
        "identification": false,
        "relationshipType": "OneN",
        "startRelationshipType": "Dash",
        "start": {
          "tableId": "11799076-5b21-474c-aae3-53e8d411d8ba",
          "columnIds": [
            "1a5f4aa0-5e4a-490c-a597-80cb6cb5ed30"
          ],
          "x": 716.056640625,
          "y": 85.5,
          "direction": "right"
        },
        "end": {
          "tableId": "bfb383f1-f098-4fb0-95d5-4b0176dbc3b1",
          "columnIds": [
            "e8d66817-f20a-440c-a51a-b8e2d996ecf0"
          ],
          "x": 880,
          "y": 251.625,
          "direction": "left"
        },
        "constraintName": "fk_users_to_favorites",
        "visible": true,
        "id": "58b7b534-3610-4c64-89fc-fdec436cefa1"
      },
      {
        "identification": false,
        "relationshipType": "OneN",
        "startRelationshipType": "Dash",
        "start": {
          "tableId": "90931c36-32cc-48a1-b97b-c0364cc6849e",
          "columnIds": [
            "e3c86c25-1c6c-4d4f-bc0e-0fafdced2172"
          ],
          "x": 732.39208984375,
          "y": 283.75,
          "direction": "right"
        },
        "end": {
          "tableId": "bfb383f1-f098-4fb0-95d5-4b0176dbc3b1",
          "columnIds": [
            "f331a699-7687-4b82-9063-eaef360e67e1"
          ],
          "x": 880,
          "y": 165.875,
          "direction": "left"
        },
        "constraintName": "fk_books_to_favorites",
        "visible": true,
        "id": "287e04a8-03f6-46e3-9a14-112d2ddee549"
      }
    ]
  }
}