{
  "canvas": {
    "version": "2.2.11",
    "width": 2000,
    "height": 2000,
    "scrollTop": 0,
    "scrollLeft": 0,
    "zoomLevel": 1,
    "show": {
      "tableComment": true,
      "columnComment": true,
      "columnDataType": true,
      "columnDefault": true,
      "columnAutoIncrement": false,
      "columnPrimaryKey": true,
      "columnUnique": false,
      "columnNotNull": true,
      "relationship": true
    },
    "database": "MySQL",
    "databaseName": "friendships_schema",
    "canvasType": "@vuerd/builtin-sql-ddl",
    "language": "GraphQL",
    "tableCase": "pascalCase",
    "columnCase": "camelCase",
    "highlightTheme": "VS2015",
    "bracketType": "none",
    "setting": {
      "relationshipDataTypeSync": true,
      "relationshipOptimization": false,
      "columnOrder": [
        "columnName",
        "columnDataType",
        "columnNotNull",
        "columnUnique",
        "columnAutoIncrement",
        "columnDefault",
        "columnComment"
      ]
    },
    "pluginSerializationMap": {}
  },
  "table": {
    "tables": [
      {
        "name": "users",
        "comment": "",
        "columns": [
          {
            "name": "id",
            "comment": "",
            "dataType": "INT",
            "default": "",
            "option": {
              "autoIncrement": true,
              "primaryKey": true,
              "unique": false,
              "notNull": true
            },
            "ui": {
              "active": false,
              "pk": true,
              "fk": false,
              "pfk": false,
              "widthName": 60,
              "widthComment": 60,
              "widthDataType": 60,
              "widthDefault": 60
            },
            "id": "dc71c7d8-17f9-44b6-918d-66a217877b50"
          },
          {
            "name": "created_at",
            "comment": "",
            "dataType": "timestamp",
            "default": "CURRENT_TIMESTAMP",
            "option": {
              "autoIncrement": false,
              "primaryKey": false,
              "unique": false,
              "notNull": true
            },
            "ui": {
              "active": false,
              "pk": false,
              "fk": false,
              "pfk": false,
              "widthName": 67.0634765625,
              "widthComment": 60,
              "widthDataType": 61.9599609375,
              "widthDefault": 147.65966796875
            },
            "id": "91fcbe00-6b44-40b8-bc41-fdf36092e011"
          },
          {
            "name": "updated_at",
            "comment": "",
            "dataType": "timestamp",
            "default": "CURRENT_TIMESTAMP ON UPDATE CURRENT_TIMESTAMP",
            "option": {
              "autoIncrement": false,
              "primaryKey": false,
              "unique": false,
              "notNull": true
            },
            "ui": {
              "active": false,
              "pk": false,
              "fk": false,
              "pfk": false,
              "widthName": 60,
              "widthComment": 60,
              "widthDataType": 60,
              "widthDefault": 375.42626953125
            },
            "id": "0cca433e-0377-4845-b36b-c4a13b1b37fe"
          },
          {
            "name": "first_name",
            "comment": "",
            "dataType": "VARCHAR(100)",
            "default": "",
            "option": {
              "autoIncrement": false,
              "primaryKey": false,
              "unique": false,
              "notNull": true
            },
            "ui": {
              "active": false,
              "pk": false,
              "fk": false,
              "pfk": false,
              "widthName": 62.68994140625,
              "widthComment": 60,
              "widthDataType": 94.955078125,
              "widthDefault": 60
            },
            "id": "53017177-c7e2-4169-a686-fc3dc1996430"
          },
          {
            "name": "last_name",
            "comment": "",
            "dataType": "VARCHAR(100)",
            "default": "",
            "option": {
              "autoIncrement": false,
              "primaryKey": false,
              "unique": false,
              "notNull": true
            },
            "ui": {
              "active": false,
              "pk": false,
              "fk": false,
              "pfk": false,
              "widthName": 61.97900390625,
              "widthComment": 60,
              "widthDataType": 94.955078125,
              "widthDefault": 60
            },
            "id": "7285413f-4905-4dce-b222-938e99951dd0"
          }
        ],
        "ui": {
          "active": false,
          "left": 14,
          "top": 13,
          "zIndex": 80,
          "widthName": 60,
          "widthComment": 60
        },
        "visible": true,
        "id": "719d38d4-1b5d-456f-b0e1-9ce33386abd5"
      },
      {
        "name": "friendships",
        "comment": "",
        "columns": [
          {
            "name": "id",
            "comment": "",
            "dataType": "INT",
            "default": "",
            "option": {
              "autoIncrement": true,
              "primaryKey": true,
              "unique": false,
              "notNull": true
            },
            "ui": {
              "active": false,
              "pk": true,
              "fk": false,
              "pfk": false,
              "widthName": 60,
              "widthComment": 60,
              "widthDataType": 60,
              "widthDefault": 60
            },
            "id": "c99cd1df-3ecd-44cd-9cec-042f6ea289f1"
          },
          {
            "name": "created_at",
            "comment": "",
            "dataType": "timestamp",
            "default": "CURRENT_TIMESTAMP",
            "option": {
              "autoIncrement": false,
              "primaryKey": false,
              "unique": false,
              "notNull": true
            },
            "ui": {
              "active": false,
              "pk": false,
              "fk": false,
              "pfk": false,
              "widthName": 67.0634765625,
              "widthComment": 60,
              "widthDataType": 61.9599609375,
              "widthDefault": 147.65966796875
            },
            "id": "2af35ea8-03a3-4eff-94ef-5e8ebb4d8c97"
          },
          {
            "name": "updated_at",
            "comment": "",
            "dataType": "timestamp",
            "default": "CURRENT_TIMESTAMP ON UPDATE CURRENT_TIMESTAMP",
            "option": {
              "autoIncrement": false,
              "primaryKey": false,
              "unique": false,
              "notNull": true
            },
            "ui": {
              "active": false,
              "pk": false,
              "fk": false,
              "pfk": false,
              "widthName": 60,
              "widthComment": 60,
              "widthDataType": 60,
              "widthDefault": 375.42626953125
            },
            "id": "de6a9db9-0d7a-4a36-8f23-f9682b93d734"
          },
          {
            "name": "user_id",
            "comment": "",
            "dataType": "INT",
            "default": "",
            "option": {
              "autoIncrement": false,
              "primaryKey": false,
              "unique": false,
              "notNull": true
            },
            "ui": {
              "active": false,
              "pk": false,
              "fk": true,
              "pfk": false,
              "widthName": 60,
              "widthComment": 60,
              "widthDataType": 60,
              "widthDefault": 60
            },
            "id": "84f3e9f5-ba88-4524-b6a2-52e83b49fb49"
          },
          {
            "name": "friend_id",
            "comment": "",
            "dataType": "INT",
            "default": "",
            "option": {
              "autoIncrement": false,
              "primaryKey": false,
              "unique": false,
              "notNull": true
            },
            "ui": {
              "active": false,
              "pk": false,
              "fk": true,
              "pfk": false,
              "widthName": 60,
              "widthComment": 60,
              "widthDataType": 60,
              "widthDefault": 60
            },
            "id": "a74a9054-8152-42e1-ab40-7f2caded759b"
          }
        ],
        "ui": {
          "active": false,
          "left": 24,
          "top": 334,
          "zIndex": 95,
          "widthName": 64.8671875,
          "widthComment": 60
        },
        "visible": true,
        "id": "5e6fded6-43b4-4857-af79-1ac12633148f"
      }
    ],
    "indexes": []
  },
  "memo": {
    "memos": []
  },
  "relationship": {
    "relationships": [
      {
        "identification": false,
        "relationshipType": "OneN",
        "startRelationshipType": "Dash",
        "start": {
          "tableId": "719d38d4-1b5d-456f-b0e1-9ce33386abd5",
          "columnIds": [
            "dc71c7d8-17f9-44b6-918d-66a217877b50"
          ],
          "x": 190.1112060546875,
          "y": 184.5,
          "direction": "bottom"
        },
        "end": {
          "tableId": "5e6fded6-43b4-4857-af79-1ac12633148f",
          "columnIds": [
            "84f3e9f5-ba88-4524-b6a2-52e83b49fb49"
          ],
          "x": 191.8624267578125,
          "y": 334,
          "direction": "top"
        },
        "constraintName": "fk_users_to_friendships",
        "visible": true,
        "id": "9950eafe-c4d5-48d6-b1f1-8f2a66d86216"
      },
      {
        "identification": false,
        "relationshipType": "OneN",
        "startRelationshipType": "Dash",
        "start": {
          "tableId": "719d38d4-1b5d-456f-b0e1-9ce33386abd5",
          "columnIds": [
            "dc71c7d8-17f9-44b6-918d-66a217877b50"
          ],
          "x": 542.3336181640625,
          "y": 184.5,
          "direction": "bottom"
        },
        "end": {
          "tableId": "5e6fded6-43b4-4857-af79-1ac12633148f",
          "columnIds": [
            "a74a9054-8152-42e1-ab40-7f2caded759b"
          ],
          "x": 527.5872802734375,
          "y": 334,
          "direction": "top"
        },
        "constraintName": "fk_users_to_friendships",
        "visible": true,
        "id": "d5926ea0-df90-43b3-879f-0d77a937bbf7"
      }
    ]
  }
}